,offset_start,offset_end,complex_phrase,goldstandard_label,sentence_tokens,sentence_token_labels
0,"[3, 112, 123, 17, 54, 103, 130, 29, 73, 42, 83]","[6, 119, 126, 28, 68, 108, 147, 37, 82, 53, 92]","['Bus', 'Stunden', 'Tag', 'Tram-Linien', 'Verkehrsachsen', 'Woche', 'Zehn-Minuten-Takt', 'befahren', 'verkehren', 'wichtigsten', 'zukünftig']","[0, 0, 0, 0, 1, 0, 1, 0, 1, 0, 1]","['15', 'Bus-', 'und', 'neun', 'Tram-Linien', 'befahren', 'die', 'wichtigsten', 'Verkehrsachsen', 'und', 'verkehren', 'zukünftig', 'die', 'ganze', 'Woche', '20', 'Stunden', 'am', 'Tag', 'im', 'Zehn-Minuten-Takt', '.']","[0, 0, 0, 0, 0, 0, 0, 0, 1, 0, 1, 1, 0, 0, 0, 0, 0, 0, 0, 0, 1, 0]"
1,"[20, 54, 70, 38, 11, 88, 49]","[30, 63, 87, 45, 19, 96, 53]","['Hauptstadt', 'Metro-Bus', 'Metro-Tram-Linien', 'Sonntag', 'deutsche', 'erhalten', 'neue']","[0, 1, 1, 0, 0, 1, 0]","['2004', '–', 'Die', 'deutsche', 'Hauptstadt', 'hat', 'am', 'Sonntag', '24', 'neue', 'Metro-Bus', '-', 'und', 'Metro-Tram-Linien', 'erhalten', '.']","[0, 0, 0, 0, 0, 0, 0, 0, 0, 0, 1, 0, 0, 1, 1, 0]"
2,"[80, 68, 98, 56, 120, 92, 92, 34, 130, 143, 110, 21]","[91, 79, 103, 63, 129, 97, 103, 45, 135, 151, 115, 33]","['Architekten', 'Architekten', 'Botta', 'Leitung', 'Mailänder', 'Mario', 'Mario Botta', 'Renovierung', 'Scala', 'eröffnet', 'heute', 'zweijähriger']","[0, 1, 0, 0, 1, 0, 1, 1, 1, 0, 0, 0]","['2004', '–', 'Nach', 'mehr', 'als', 'zweijähriger', 'Renovierung', 'unter', 'der', 'Leitung', 'des', 'Architekten', 'Architekten', 'Mario', 'Botta', 'wurde', 'heute', 'die', 'Mailänder', 'Scala', 'wieder', 'eröffnet', '.']","[0, 0, 0, 0, 0, 0, 1, 0, 0, 0, 0, 0, 1, 0, 0, 0, 0, 0, 1, 1, 0, 0, 0]"
3,"[17, 83, 50, 95, 130, 73, 220, 35, 228, 209, 209, 104, 146]","[27, 90, 60, 103, 138, 78, 227, 49, 236, 219, 227, 114, 154]","['Discobrand', 'Freitag', 'Hauptstadt', 'Menschen', 'Menschen', 'Nacht', 'Zustand', 'argentinischen', 'befinden', 'kritischen', 'kritischen Zustand', 'umgekommen', 'verletzt']","[1, 1, 0, 0, 0, 0, 0, 1, 0, 1, 1, 1, 0]","['2005', '-', 'Bei', 'einem', 'Discobrand', 'in', 'der', 'argentinischen', 'Hauptstadt', 'sind', 'in', 'der', 'Nacht', 'zum', 'Freitag', '187', 'Menschen', 'umgekommen', ',', 'mehr', 'als', '700', 'Menschen', 'wurden', 'verletzt', ',', 'wobei', 'mehr', 'als', 'hundert', 'von', 'ihnen', 'sich', 'noch', 'in', 'einem', 'kritischen', 'Zustand', 'befinden', '.']","[0, 0, 0, 0, 1, 0, 0, 1, 0, 0, 0, 0, 0, 0, 1, 0, 0, 1, 0, 0, 0, 0, 0, 0, 0, 0, 0, 0, 0, 0, 0, 0, 0, 0, 0, 0, 1, 0, 0, 0]"
4,"[0, 66, 60, 19, 33, 75]","[6, 74, 65, 23, 52, 81]","['Albert', 'Conradty', 'Firma', 'Jahr', 'Unternehmensberater', 'geholt']","[0, 1, 0, 0, 1, 0]","['Albert', 'G.', 'wurde', 'im', 'Jahr', '1991', 'als', 'Unternehmensberater', 'in', 'die', 'Firma', 'Conradty', 'geholt', '.']","[0, 0, 0, 0, 0, 0, 0, 1, 0, 0, 0, 1, 0, 0]"
5,"[121, 49, 135, 23, 63, 5, 99, 68, 152]","[130, 54, 151, 32, 67, 15, 112, 75, 158]","['Abwendung', 'Druck', 'Klimakatastrophe', 'Konferenz', 'Land', 'Teilnehmer', 'Verantwortung', 'ausüben', 'stelle']","[1, 0, 1, 1, 0, 0, 1, 1, 0]","['Alle', 'Teilnehmer', 'an', 'der', 'Konferenz', 'sollten', 'deshalb', 'Druck', 'auf', 'das', 'Land', 'ausüben', ',', 'damit', 'es', 'sich', 'seiner', 'Verantwortung', 'bei', 'der', 'Abwendung', 'der', 'Klimakatastrophe', 'stelle', '.']","[0, 0, 0, 0, 1, 0, 0, 0, 0, 0, 0, 1, 0, 0, 0, 0, 0, 1, 0, 0, 1, 0, 1, 0, 0]"
6,"[45, 26, 13, 53, 35, 63]","[52, 34, 21, 62, 40, 69]","['Gericht', 'Gesetzes', 'Klauseln', 'gebilligt', 'seien', 'worden']","[0, 0, 1, 1, 0, 0]","['Alle', 'anderen', 'Klauseln', 'des', 'Gesetzes', 'seien', 'vom', 'Gericht', 'gebilligt', 'worden', '.']","[0, 0, 1, 0, 0, 0, 0, 0, 1, 0, 0]"
7,"[115, 43, 69, 189, 145, 100, 173, 158, 81, 10, 202, 20, 20, 131, 214]","[121, 50, 74, 201, 149, 114, 180, 172, 99, 19, 213, 39, 50, 139, 220]","['Albert', 'Auftrag', 'Chefs', 'Firmenbilanz', 'Geld', 'Gesellschafter', 'Konkurs', 'bevorstehenden', 'geschäftsführenden', 'handelten', 'herauslösen', 'nachgewiesenermaßen', 'nachgewiesenermaßen im Auftrag', 'wiederum', 'wollte']","[0, 0, 0, 1, 0, 0, 1, 1, 1, 0, 0, 1, 1, 0, 0]","['Alle', 'drei', 'handelten', 'nachgewiesenermaßen', 'im', 'Auftrag', 'ihres', '72-jährigen', 'Chefs', ',', 'dem', 'geschäftsführenden', 'Gesellschafter', 'Albert', 'G.', ',', 'der', 'wiederum', 'sein', 'Geld', 'vor', 'dem', 'bevorstehenden', 'Konkurs', 'aus', 'der', 'Firmenbilanz', 'herauslösen', 'wollte', '.']","[0, 0, 0, 1, 0, 0, 0, 0, 0, 0, 0, 1, 0, 0, 0, 0, 0, 0, 0, 0, 0, 0, 1, 1, 0, 0, 1, 0, 0, 0]"
8,"[34, 9, 44, 29]","[43, 21, 54, 33]","['Fahrpläne', 'Haltestellen', 'ausgehängt', 'neue']","[0, 0, 1, 0]","['An', '7.000', 'Haltestellen', 'wurden', 'neue', 'Fahrpläne', 'ausgehängt', '.']","[0, 0, 0, 0, 0, 0, 1, 0]"
9,"[0, 9, 36, 44]","[4, 22, 43, 54]","['Auch', 'Landespolitik', 'Planung', 'einbezogen']","[0, 1, 0, 1]","['Auch', 'die', 'Landespolitik', 'wurde', 'in', 'die', 'Planung', 'einbezogen', '.']","[0, 0, 1, 0, 0, 0, 0, 1, 0]"
10,"[53, 0, 29, 14, 57]","[56, 4, 36, 28, 66]","['Amt', 'Auch', 'Merkels', 'Stellvertreter', 'bestätigt']","[0, 0, 0, 1, 0]","['Auch', 'die', 'vier', 'Stellvertreter', 'Merkels', 'wurden', 'in', 'ihrem', 'Amt', 'bestätigt', '.']","[0, 0, 0, 1, 0, 0, 0, 0, 0, 0, 0]"
11,"[0, 38, 63, 50, 73, 29, 17]","[4, 44, 72, 55, 81, 37, 22]","['Auch', 'Brände', 'Discothek', 'Opfer', 'ereignet', 'kleinere', 'zuvor']","[0, 0, 0, 0, 0, 0, 0]","['Auch', 'hätten', 'sich', 'zuvor', 'schon', 'kleinere', 'Brände', 'ohne', 'Opfer', 'in', 'der', 'Discothek', 'ereignet', '.']","[0, 0, 0, 0, 0, 0, 0, 0, 0, 0, 0, 0, 0, 0]"
12,"[0, 31, 72, 66, 12, 77, 52]","[6, 51, 76, 71, 18, 85, 62]","['August', 'Renovierungsarbeiten', 'Stil', 'alten', 'erbaut', 'erhalten', 'weitgehend']","[0, 1, 0, 0, 0, 0, 1]","['August', '1778', 'erbaut', 'und', 'bei', 'den', 'Renovierungsarbeiten', 'weitgehend', 'im', 'alten', 'Stil', 'erhalten', '.']","[0, 0, 0, 0, 0, 0, 1, 1, 0, 0, 0, 0, 0]"
13,"[0, 68, 103, 166, 16, 115, 77, 56, 33, 131, 49, 49, 149, 174]","[11, 74, 109, 173, 25, 126, 87, 67, 40, 148, 55, 74, 154, 180]","['Befürworter', 'FIDESZ', 'Gesetz', 'Grenzen', 'Initiator', 'Möglichkeit', 'Opposition', 'Volkspartei', 'Vorlage', 'Wiedervereinigung', 'rechte', 'rechte Volkspartei FIDESZ', 'sieht', 'ändern']","[1, 1, 0, 0, 1, 0, 1, 1, 0, 1, 0, 1, 0, 0]","['Befürworter', 'und', 'Initiator', 'dieser', 'Vorlage', 'ist', 'die', 'rechte', 'Volkspartei', 'FIDESZ', '(', 'Opposition', ')', ',', 'die', 'in', 'dem', 'Gesetz', 'eine', 'Möglichkeit', 'zur', 'Wiedervereinigung', 'sieht', ',', 'ohne', 'die', 'Grenzen', 'ändern', 'zu', 'müssen', '.']","[1, 0, 1, 0, 0, 0, 0, 0, 1, 1, 0, 1, 0, 0, 0, 0, 0, 0, 0, 0, 0, 1, 0, 0, 0, 0, 0, 0, 0, 0, 0]"
14,"[48, 48, 98, 67, 16, 33, 86, 8, 117, 26]","[63, 75, 116, 75, 20, 39, 93, 12, 126, 32]","['Bundesparteitag', 'Bundesparteitag in Hannover', 'Delegiertenstimmen', 'Hannover', 'Jahr', 'Merkel', 'Prozent', 'Wahl', 'aufweisen', 'konnte']","[1, 1, 1, 0, 0, 0, 0, 0, 1, 0]","['Bei', 'der', 'Wahl', 'im', 'Jahr', '2002', 'konnte', 'Merkel', 'auf', 'dem', 'Bundesparteitag', 'in', 'Hannover', 'noch', '93,7', 'Prozent', 'der', 'Delegiertenstimmen', 'aufweisen', '.']","[0, 0, 0, 0, 0, 0, 0, 0, 0, 0, 1, 0, 0, 0, 0, 0, 0, 1, 1, 0]"
15,"[0, 9]","[6, 20]","['Berlin', 'Deutschland']","[1, 1]","['Berlin', '(', 'Deutschland', ')', ',', '01.']","[1, 0, 1, 0, 0, 0]"
16,"[0, 9]","[6, 20]","['Berlin', 'Deutschland']","[0, 0]","['Berlin', '(', 'Deutschland', ')', ',', '12.']","[0, 0, 0, 0, 0, 0]"
17,"[0, 29, 17, 39]","[6, 38, 24, 53]","['Bisher', 'Protokoll', 'Staaten', 'unterschrieben']","[0, 1, 0, 1]","['Bisher', 'haben', '129', 'Staaten', 'das', 'Protokoll', 'unterschrieben', '.']","[0, 0, 0, 0, 0, 1, 1, 0]"
18,"[7, 15, 0, 0]","[12, 26, 6, 12]","['Aires', 'Argentinien', 'Buenos', 'Buenos Aires']","[0, 0, 0, 1]","['Buenos', 'Aires', '(', 'Argentinien', ')', ',', '02.']","[0, 0, 0, 0, 0, 0, 0]"
19,"[29, 57, 6, 18]","[45, 64, 11, 28]","['Siedlungsgebiete', 'Staaten', 'kamen', 'ungarische']","[1, 0, 0, 1]","['Dabei', 'kamen', 'viele', 'ungarische', 'Siedlungsgebiete', 'zu', 'anderen', 'Staaten', '.']","[0, 0, 0, 1, 1, 0, 0, 0, 0]"
20,"[30, 50]","[36, 57]","['Bühnen', 'geprobt']","[0, 0]","['Dadurch', 'kann', 'künftig', 'auf', 'drei', 'Bühnen', 'gleichzeitig', 'geprobt', 'werden', '.']","[0, 0, 0, 0, 0, 0, 0, 0, 0, 0]"
21,"[13, 52, 74, 20, 6, 27]","[19, 69, 77, 26, 12, 42]","['Angela', 'Bundesvorsitzende', 'CDU', 'Merkel', 'bleibt', 'voraussichtlich']","[0, 1, 1, 0, 0, 1]","['Damit', 'bleibt', 'Angela', 'Merkel', 'voraussichtlich', 'bis', '2006', 'Bundesvorsitzende', 'der', 'CDU', '.']","[0, 0, 0, 0, 1, 0, 0, 1, 0, 1, 0]"
22,"[34, 34, 34, 4, 69, 22, 96, 43, 50]","[42, 49, 58, 11, 75, 29, 100, 49, 58]","['Anatoliy', 'Anatoliy Yarema', 'Anatoliy Yarema verfügte', 'Gericht', 'Urteil', 'Vorsitz', 'Wahl', 'Yarema', 'verfügte']","[0, 1, 1, 0, 0, 0, 0, 0, 1]","['Das', 'Gericht', 'unser', 'dem', 'Vorsitz', 'von', 'Anatoliy', 'Yarema', 'verfügte', 'in', 'seinem', 'Urteil', 'außerdem', ',', 'dass', 'die', 'Wahl', 'bis', 'zum', '26.']","[0, 1, 0, 0, 0, 0, 0, 0, 0, 0, 0, 0, 0, 0, 0, 0, 0, 0, 0, 0]"
23,"[91, 70, 14, 70, 126, 111, 4, 74, 56, 39, 134, 142]","[98, 73, 17, 78, 133, 121, 11, 78, 67, 46, 141, 150]","['Auflage', 'BVG', 'BVG', 'BVG Plus', 'Berlins', 'Exemplaren', 'Konzept', 'Plus', 'Sonderdruck', 'Sonntag', 'Straßen', 'verteilt']","[0, 0, 0, 1, 0, 1, 1, 0, 1, 0, 0, 0]","['Das', 'Konzept', '„', 'BVG', '2005', 'plus', '“', 'wurde', 'am', 'Sonntag', 'in', 'einem', 'Sonderdruck', '„', 'BVG', 'Plus', '“', 'mit', 'einer', 'Auflage', 'von', '750.000', 'Exemplaren', 'auf', 'Berlins', 'Straßen', 'verteilt', '.']","[0, 1, 0, 0, 0, 0, 0, 0, 0, 0, 0, 0, 1, 0, 0, 0, 0, 0, 0, 0, 0, 0, 1, 0, 0, 0, 0, 0]"
24,"[41, 48, 24, 4, 80, 91, 110, 57]","[47, 56, 40, 13, 86, 106, 120, 70]","['Anfang', 'Dezember', 'Gesetzesänderung', 'Parlament', 'Risiko', 'Wahlfälschungen', 'reduzieren', 'verabschiedet']","[0, 0, 1, 0, 0, 1, 1, 1]","['Das', 'Parlament', 'hatte', 'die', 'Gesetzesänderung', 'Anfang', 'Dezember', 'verabschiedet', ',', 'um', 'das', 'Risiko', 'von', 'Wahlfälschungen', 'zu', 'reduzieren', '.']","[0, 0, 0, 0, 1, 0, 0, 1, 0, 0, 0, 0, 0, 1, 0, 1, 0]"
25,"[4, 23, 11]","[10, 34, 16]","['Urteil', 'angefochten', 'könne']","[0, 1, 0]","['Das', 'Urteil', 'könne', 'nicht', 'angefochten', 'werden', '.']","[0, 0, 0, 0, 1, 0, 0]"
26,"[224, 127, 59, 21, 142, 4, 96, 106, 148, 11, 211, 174]","[231, 133, 65, 32, 147, 10, 105, 117, 156, 16, 223, 188]","['Angaben', 'Bürger', 'Bürger', 'Hauptgründe', 'Liste', 'Urteil', 'Wahlliste', 'aufgenommen', 'gekommen', 'nennt', 'quantitative', 'wahlberechtigt']","[0, 0, 0, 1, 0, 1, 1, 0, 0, 0, 1, 1]","['Das', 'Urteil', 'nennt', 'als', 'Hauptgründe', ':', '„', '...', 'ein', 'und', 'dieselben', 'Bürger', 'wurden', 'mehr', 'als', 'einmal', 'in', 'die', 'Wahlliste', 'aufgenommen', '...', 'dass', 'Bürger', 'auf', 'die', 'Liste', 'gekommen', 'sind', ',', 'die', 'nicht', 'wahlberechtigt', 'sind', '“', ',', 'ohne', 'weitere', 'quantitative', 'Angaben', '.']","[0, 1, 0, 0, 1, 0, 0, 0, 0, 0, 0, 0, 0, 0, 0, 0, 0, 0, 1, 0, 0, 0, 0, 0, 0, 0, 0, 0, 0, 0, 0, 1, 0, 0, 0, 0, 0, 1, 0, 0]"
27,"[108, 10, 90, 40, 61, 118, 4, 19, 52, 73, 73]","[117, 18, 107, 47, 68, 123, 9, 27, 60, 89, 123]","['Christian', 'Ergebnis', 'Ministerpräsident', 'Prozent', 'Stimmen', 'Wulff', 'beste', 'erzielte', 'gültigen', 'niedersächsische', 'niedersächsische Ministerpräsident Christian Wulff']","[0, 0, 0, 0, 0, 0, 0, 0, 0, 1, 1]","['Das', 'beste', 'Ergebnis', 'erzielte', 'mit', '86', ',', '88', 'Prozent', 'der', 'gültigen', 'Stimmen', 'der', 'niedersächsische', 'Ministerpräsident', 'Christian', 'Wulff', '.']","[0, 0, 0, 0, 0, 0, 0, 0, 0, 0, 0, 0, 0, 1, 0, 0, 0, 0]"
28,"[39, 4, 17, 51, 70]","[46, 12, 27, 58, 82]","['Angaben', 'Besitzer', 'Nachtclubs', 'Polizei', 'festgenommen']","[1, 0, 0, 0, 1]","['Der', 'Besitzer', 'des', 'Nachtclubs', 'wurde', 'nach', 'Angaben', 'der', 'Polizei', 'inzwischen', 'festgenommen', '.']","[0, 0, 0, 0, 0, 0, 1, 0, 0, 0, 1, 0]"
29,"[4, 21, 40, 31, 31]","[12, 30, 44, 39, 44]","['Dirigent', 'Italiener', 'Muti', 'Riccardo', 'Riccardo Muti']","[1, 0, 0, 0, 1]","['Der', 'Dirigent', 'war', 'der', 'Italiener', 'Riccardo', 'Muti', '.']","[0, 1, 0, 0, 0, 0, 0, 0]"
30,"[9, 34, 46, 20, 4]","[19, 38, 51, 28, 8]","['Bühnenturm', 'Höhe', 'Meter', 'erreicht', 'neue']","[1, 0, 0, 0, 0]","['Der', 'neue', 'Bühnenturm', 'erreicht', 'eine', 'Höhe', 'von', '38', 'Meter', '.']","[0, 0, 1, 0, 0, 0, 0, 0, 0, 0]"
31,"[129, 27, 27, 43, 112, 153, 75, 50, 137, 89, 59, 4]","[136, 42, 58, 49, 128, 160, 82, 58, 144, 111, 66, 26]","['Annette', 'CDU-Vorsitzende', 'CDU-Vorsitzende Jürgen Rüttgers', 'Jürgen', 'Kultusministerin', 'Prozent', 'Prozent', 'Rüttgers', 'Schavan', 'baden-württembergische', 'erhielt', 'nordrhein-westfälische']","[0, 1, 1, 0, 1, 0, 0, 0, 0, 1, 0, 1]","['Der', 'nordrhein-westfälische', 'CDU-Vorsitzende', 'Jürgen', 'Rüttgers', 'erhielt', '79', ',', '27', 'Prozent', ',', 'die', 'baden-württembergische', 'Kultusministerin', 'Annette', 'Schavan', '78', ',', '54', 'Prozent', '.']","[0, 1, 1, 0, 0, 0, 0, 0, 0, 0, 0, 0, 1, 1, 0, 0, 0, 0, 0, 0, 0]"
32,"[49, 99, 89, 137, 156, 14, 119, 119, 23, 4, 4]","[59, 118, 94, 151, 160, 22, 136, 151, 33, 13, 22]","['Begründung', 'Gerichtsverhandlung', 'Laufe', 'Manipulationen', 'Wahl', 'Wortlaut', 'bekanntgewordenen', 'bekanntgewordenen Manipulationen', 'beschränkt', 'originale', 'originale Wortlaut']","[1, 1, 0, 1, 0, 1, 1, 1, 1, 1, 1]","['Der', 'originale', 'Wortlaut', 'beschränkt', 'sich', 'in', 'seiner', 'Begründung', 'jedoch', 'nur', 'auf', 'wenige', 'der', 'im', 'Laufe', 'der', 'Gerichtsverhandlung', 'bekanntgewordenen', 'Manipulationen', 'der', 'Wahl', '.']","[0, 1, 1, 1, 0, 0, 0, 1, 0, 0, 0, 0, 0, 0, 0, 0, 1, 1, 1, 0, 0, 0]"
33,"[155, 155, 270, 163, 239, 77, 255, 24, 99, 190, 54, 131, 131, 105, 275, 47, 222, 83, 186]","[158, 167, 274, 167, 243, 82, 261, 34, 104, 206, 69, 150, 167, 116, 288, 53, 231, 98, 189]","['ESA', 'ESA Dr. Jost', 'Ende', 'Jost', 'Lage', 'Reihe', 'Studie', 'Teilnehmer', 'Tests', 'Versuchspersonen', 'Voraussetzungen', 'WISE-Projektmanager', 'WISE-Projektmanager der ESA Dr. Jost', 'absolvieren', 'durchzustehen', 'obigen', 'psychisch', 'psychologischer', 'sei']","[1, 1, 0, 0, 0, 0, 0, 1, 0, 1, 1, 1, 1, 0, 1, 1, 1, 1, 0]","['Des', 'weiteren', 'müssen', 'die', 'Teilnehmer', ',', 'außer', 'den', 'obigen', 'Voraussetzungen', ',', 'eine', 'Reihe', 'psychologischer', 'Tests', 'absolvieren', ',', 'da', 'laut', 'dem', 'WISE-Projektmanager', 'der', 'ESA', 'Dr.', 'Jost', 'es', 'sehr', 'wichtig', ',', 'sei', 'Versuchspersonen', 'zu', 'haben', ',', 'die', 'psychisch', 'in', 'der', 'Lage', 'sind', ',', 'die', 'Studie', 'bis', 'zum', 'Ende', 'durchzustehen', '.']","[0, 0, 0, 0, 1, 0, 0, 0, 1, 1, 0, 0, 0, 1, 0, 1, 0, 0, 0, 0, 1, 0, 1, 0, 0, 0, 0, 0, 0, 1, 1, 0, 0, 0, 0, 1, 0, 0, 0, 0, 0, 0, 0, 0, 0, 0, 0, 0]"
34,"[20, 41, 8, 32]","[31, 51, 13, 40]","['Restriktion', 'aufgehoben', 'müsse', 'umgehend']","[1, 0, 0, 1]","['Deshalb', 'müsse', 'diese', 'Restriktion', 'umgehend', 'aufgehoben', 'werden', '.']","[0, 0, 0, 1, 1, 0, 0, 0]"
35,"[0, 93, 110, 41, 41, 122, 29, 56, 18]","[8, 101, 117, 55, 66, 134, 36, 66, 28]","['Dezember', 'Einfluss', 'Haltung', 'Treibhausgasen', 'Treibhausgasen eingeräumt', 'US-Regierung', 'Wirkung', 'eingeräumt', 'schädliche']","[0, 0, 1, 1, 1, 0, 0, 1, 0]","['Dezember', '2004', 'die', 'schädliche', 'Wirkung', 'von', 'Treibhausgasen', 'eingeräumt', ',', 'das', 'hatte', 'jedoch', 'keinen', 'Einfluss', 'auf', 'die', 'Haltung', 'der', 'US-Regierung', '.']","[0, 0, 0, 0, 0, 0, 1, 1, 0, 0, 0, 0, 0, 0, 0, 0, 1, 0, 0, 0]"
36,"[0, 32, 14]","[8, 37, 24]","['Dezember', 'müsse', 'wiederholt']","[0, 0, 0]","['Dezember', '2004', 'wiederholt', 'werden', 'müsse', '.']","[0, 0, 0, 0, 0, 0]"
37,"[56, 0, 17, 44, 52, 33, 66]","[65, 8, 28, 51, 65, 40, 76]","['Bewährung', 'Dezember', 'Haftstrafen', 'Monaten', 'auf Bewährung', 'jeweils', 'verurteilt']","[1, 0, 1, 0, 1, 0, 0]","['Dezember', '2004', 'zu', 'Haftstrafen', 'von', 'jeweils', '21', 'Monaten', 'auf', 'Bewährung', 'verurteilt', '.']","[0, 0, 0, 1, 0, 0, 0, 0, 0, 1, 0, 0]"
38,"[4, 71, 35, 85, 41, 59, 26]","[11, 84, 40, 94, 49, 70, 34]","['Akustik', 'Bühnentechnik', 'Stand', 'eingebaut', 'gebracht', 'hochmoderne', 'neuesten']","[1, 1, 0, 0, 0, 1, 0]","['Die', 'Akustik', 'wurde', 'auf', 'den', 'neuesten', 'Stand', 'gebracht', 'und', 'eine', 'hochmoderne', 'Bühnentechnik', 'eingebaut', '.']","[0, 1, 0, 0, 0, 0, 0, 0, 0, 0, 1, 1, 0, 0]"
39,"[4, 68, 40, 86, 93, 63, 26]","[7, 79, 58, 92, 103, 67, 39]","['BVG', 'Bedürfnisse', 'Fahrplanänderungen', 'Kunden', 'einstellen', 'neue', 'umfangreichen']","[1, 1, 1, 0, 0, 0, 1]","['Die', 'BVG', 'will', 'sich', 'mit', 'den', 'umfangreichen', 'Fahrplanänderungen', 'auf', 'neue', 'Bedürfnisse', 'ihrer', 'Kunden', 'einstellen', '.']","[0, 1, 0, 0, 0, 0, 1, 1, 0, 0, 1, 0, 0, 0, 0]"
40,"[26, 4, 46, 46, 126, 94, 66, 79, 60, 60, 141, 8, 56, 102, 113]","[39, 7, 55, 89, 140, 99, 74, 89, 65, 89, 150, 14, 59, 105, 125]","['Bettenstation', 'ESA', 'Institute', 'Institute for Space Medicine and Physiology', 'Lebensumstände', 'MEDES', 'Medicine', 'Physiology', 'Space', 'Space Medicine and Physiology', 'angepasst', 'betont', 'for', 'gut', 'horizontalen']","[1, 0, 0, 1, 1, 1, 0, 0, 0, 1, 0, 0, 0, 0, 1]","['Die', 'ESA', 'betont', ',', 'dass', 'die', 'Bettenstation', 'des', '„', 'Institute', 'for', 'Space', 'Medicine', 'and', 'Physiology', '“', '(', 'MEDES', ')', 'gut', 'an', 'die', 'horizontalen', 'Lebensumstände', 'angepasst', 'ist', '.']","[0, 0, 0, 0, 0, 0, 1, 0, 0, 0, 0, 0, 0, 0, 0, 0, 0, 1, 0, 0, 0, 0, 0, 1, 1, 0, 0]"
41,"[51, 45, 4, 33, 33, 24, 15]","[57, 50, 14, 44, 57, 32, 19]","['Damrau', 'Diana', 'Hauptrolle', 'Sopranistin', 'Sopranistin Diana Damrau', 'deutsche', 'sang']","[0, 0, 1, 1, 1, 0, 0]","['Die', 'Hauptrolle', 'sang', 'die', 'deutsche', 'Sopranistin', 'Diana', 'Damrau', '.']","[0, 1, 0, 0, 0, 1, 0, 0, 0]"
42,"[33, 97, 4, 81, 56, 122, 65]","[45, 115, 16, 88, 61, 129, 73]","['Führerschein', 'Führerscheinklasse', 'Jugendlichen', 'Prüfung', 'Wagen', 'ablegen', 'erhalten']","[0, 0, 0, 1, 1, 1, 0]","['Die', 'Jugendlichen', 'müssen', ',', 'um', 'den', 'Führerschein', 'für', 'diese', 'Wagen', 'zu', 'erhalten', ',', 'eine', 'Prüfung', 'für', 'die', 'Führerscheinklasse', '„', 'S', '“', 'ablegen', '.']","[0, 0, 0, 0, 0, 0, 0, 0, 0, 1, 0, 0, 0, 0, 1, 0, 0, 0, 0, 0, 0, 1, 0]"
43,"[4, 4, 14]","[13, 19, 19]","['Mailänder', 'Mailänder Scala', 'Scala']","[0, 1, 0]","['Die', 'Mailänder', 'Scala', 'wurde', 'am', '3.']","[0, 0, 0, 0, 0, 0]"
44,"[107, 71, 85, 4, 56, 30, 98, 134, 17, 17, 138, 119]","[118, 76, 93, 12, 67, 42, 106, 137, 29, 42, 155, 127]","['Behinderung', 'Hause', 'Menschen', 'Regelung', 'Stimmabgabe', 'Wahlgesetzes', 'schwerer', 'sei', 'ukrainischen', 'ukrainischen Wahlgesetzes', 'verfassungswidrig', 'zulässig']","[1, 0, 0, 0, 1, 1, 0, 0, 1, 1, 1, 0]","['Die', 'Regelung', 'des', 'ukrainischen', 'Wahlgesetzes', ',', 'wonach', 'die', 'Stimmabgabe', 'zu', 'Hause', 'nur', 'für', 'Menschen', 'mit', 'schwerer', 'Behinderung', 'zulässig', 'ist', ',', 'sei', 'verfassungswidrig', '.']","[0, 0, 0, 1, 1, 0, 0, 0, 1, 0, 0, 0, 0, 0, 0, 0, 1, 0, 0, 0, 0, 1, 0]"
45,"[26, 17, 51, 4]","[31, 22, 57, 16]","['Alter', 'Chefs', 'Jahren', 'hochrangigen']","[0, 0, 0, 1]","['Die', 'hochrangigen', 'Chefs', 'im', 'Alter', 'von', '62', ',', '64', 'und', '66', 'Jahren', 'wurden', 'am', '20.']","[0, 1, 0, 0, 0, 0, 0, 0, 0, 0, 0, 0, 0, 0, 0]"
46,"[76, 33, 33, 40, 157, 19, 134, 101, 170, 108, 50, 151, 4, 4]","[90, 39, 49, 49, 169, 28, 146, 107, 178, 118, 58, 156, 18, 28]","['Auslandsungarn', 'Ferenc', 'Ferenc Gyurcsány', 'Gyurcsány', 'Mehrausgaben', 'Regierung', 'Sozialkassen', 'Ungarn', 'belasten', 'einwandern', 'fürchtet', 'hohen', 'sozialistische', 'sozialistische Regierung']","[1, 0, 1, 0, 1, 0, 1, 0, 0, 1, 0, 0, 1, 1]","['Die', 'sozialistische', 'Regierung', 'von', 'Ferenc', 'Gyurcsány', 'fürchtet', ',', 'dass', 'viele', 'der', 'Auslandsungarn', 'dann', 'nach', 'Ungarn', 'einwandern', 'würden', 'und', 'die', 'Sozialkassen', 'mit', 'hohen', 'Mehrausgaben', 'belasten', 'würden', '.']","[0, 1, 0, 0, 0, 0, 0, 0, 0, 0, 0, 1, 0, 0, 0, 1, 0, 0, 0, 1, 0, 0, 1, 0, 0, 0]"
47,"[8, 147, 97, 84, 137, 49, 119, 63, 63, 28, 19, 107, 36, 4]","[18, 161, 106, 92, 146, 58, 124, 77, 92, 35, 27, 118, 44, 27]","['Abstimmung', 'Auslandsungarn', 'Erteilung', 'Gesetzes', 'Millionen', 'Parlament', 'Pässe', 'Verabschiedung', 'Verabschiedung eines Gesetzes', 'Vorlage', 'stehende', 'ungarischer', 'verlangt', 'zur Abstimmung stehende']","[1, 1, 0, 0, 1, 1, 1, 1, 1, 1, 0, 1, 0, 1]","['Die', 'zur', 'Abstimmung', 'stehende', 'Vorlage', 'verlangt', 'vom', 'Parlament', 'die', 'Verabschiedung', 'eines', 'Gesetzes', 'zur', 'Erteilung', 'ungarischer', 'Pässe', 'an', 'die', 'fünf', 'Millionen', 'Auslandsungarn', '.']","[0, 0, 1, 0, 1, 0, 0, 1, 0, 1, 0, 0, 0, 0, 1, 1, 0, 0, 0, 1, 1, 0]"
48,"[211, 154, 154, 120, 174, 161, 190, 132, 108, 41, 41, 27, 81, 98, 5, 92, 60]","[215, 160, 168, 127, 181, 168, 207, 151, 119, 45, 49, 32, 91, 103, 13, 95, 77]","['Kiew', 'Mikola', 'Mikola Seliwon', 'Richter', 'Samstag', 'Seliwon', 'Urteilsverkündung', 'Verfassungsgerichts', 'Vorsitzende', 'Wahl', 'Wahl aus', 'Weise', 'betrachten', 'sagte', 'schließe', 'sei', 'verfassungswidrig']","[1, 0, 1, 0, 1, 0, 1, 1, 0, 0, 1, 0, 0, 0, 0, 0, 1]","['Dies', 'schließe', 'sie', 'auf', 'eine', 'Weise', 'von', 'der', 'Wahl', 'aus', ',', 'die', 'als', 'verfassungswidrig', 'zu', 'betrachten', 'sei', ',', 'sagte', 'der', 'Vorsitzende', 'Richter', 'des', 'Verfassungsgerichts', ',', 'Mikola', 'Seliwon', ',', 'am', 'Samstag', 'bei', 'der', 'Urteilsverkündung', 'in', 'Kiew', '.']","[0, 0, 0, 0, 0, 1, 0, 0, 0, 0, 0, 0, 0, 0, 0, 0, 0, 0, 0, 0, 0, 0, 0, 1, 0, 0, 0, 0, 0, 1, 0, 0, 1, 0, 1, 0]"
49,"[6, 72, 43, 61, 82, 19, 31]","[18, 81, 53, 66, 89, 26, 42]","['Bestimmungen', 'Microcars', 'Motorräder', 'Quads', 'genannt', 'treffen', 'vierrädrige']","[1, 1, 0, 1, 0, 0, 1]","['Diese', 'Bestimmungen', 'treffen', 'auf', 'vierrädrige', 'Motorräder', ',', 'auch', 'Quads', 'oder', 'Microcars', 'genannt', ',', 'zu', '.']","[0, 1, 0, 0, 1, 0, 0, 0, 1, 0, 1, 0, 0, 0, 0]"
50,"[28, 96, 96, 62, 6, 110, 77, 17, 49, 117, 38]","[37, 105, 116, 70, 16, 116, 92, 23, 56, 124, 44]","['Kilogramm', 'Kilometer', 'Kilometer pro Stunde', 'Kilowatt', 'Kleinwagen', 'Stunde', 'beziehungsweise', 'dürfen', 'maximal', 'schnell', 'wiegen']","[1, 0, 1, 1, 0, 0, 1, 0, 1, 0, 0]","['Diese', 'Kleinwagen', 'dürfen', '350', 'Kilogramm', 'wiegen', 'und', 'maximal', 'vier', 'Kilowatt', 'haben', 'beziehungsweise', '45', 'Kilometer', 'pro', 'Stunde', 'schnell', 'sein', '.']","[0, 0, 0, 0, 1, 0, 0, 1, 0, 1, 0, 1, 0, 0, 0, 0, 0, 0, 0]"
51,"[60, 20, 36, 77, 10]","[65, 35, 42, 83, 19]","['Firma', 'Konjunkturkrise', 'konnte', 'retten', 'weltweite']","[0, 1, 0, 0, 0]","['Durch', 'die', 'weltweite', 'Konjunkturkrise', 'konnte', 'aber', 'auch', 'er', 'die', 'Firma', 'nicht', 'mehr', 'retten', '.']","[0, 0, 0, 1, 0, 0, 0, 0, 0, 0, 0, 0, 0, 0]"
52,"[31, 4, 66, 70, 17]","[40, 16, 69, 77, 22]","['Konferenz', 'Unterhändler', 'Weg', 'gewählt', 'sagte']","[1, 1, 0, 0, 0]","['Ein', 'Unterhändler', 'sagte', 'auf', 'der', 'Konferenz', ',', 'man', 'habe', 'einen', 'anderen', 'Weg', 'gewählt', '.']","[0, 1, 0, 0, 0, 1, 0, 0, 0, 0, 0, 0, 0, 0]"
53,"[115, 56, 126, 16, 42, 122, 122, 87, 4, 139, 33, 105]","[119, 61, 136, 32, 47, 125, 136, 100, 15, 148, 37, 114]","['Band', 'Brand', 'Callejeros', 'Feuerwerkskörper', 'Grund', 'Los', 'Los Callejeros', 'Rockkonzertes', 'entzündeter', 'ereignete', 'gilt', 'populären']","[0, 0, 0, 1, 0, 0, 1, 1, 1, 1, 0, 1]","['Ein', 'entzündeter', 'Feuerwerkskörper', 'gilt', 'als', 'Grund', 'für', 'den', 'Brand', ',', 'der', 'sich', 'während', 'eines', 'Rockkonzertes', 'der', 'populären', 'Band', '„', 'Los', 'Callejeros', '“', 'ereignete', '.']","[0, 1, 1, 0, 0, 0, 0, 0, 0, 0, 0, 0, 0, 0, 1, 0, 1, 0, 0, 0, 0, 0, 1, 0]"
54,"[84, 77, 77, 77, 35, 65, 14, 93, 53, 53]","[92, 83, 92, 108, 44, 76, 20, 101, 64, 76]","['Kutschma', 'Leonid', 'Leonid Kutschma', 'Leonid Kutschma gefunden werden', 'Parlament', 'Präsidenten', 'Termin', 'gefunden', 'scheidenden', 'scheidenden Präsidenten']","[0, 0, 1, 1, 1, 1, 0, 0, 1, 1]","['Ein', 'konkreter', 'Termin', 'muss', 'noch', 'vom', 'Parlament', 'und', 'vom', 'scheidenden', 'Präsidenten', 'Leonid', 'Kutschma', 'gefunden', 'werden', '.']","[0, 0, 1, 0, 0, 0, 1, 0, 0, 0, 1, 0, 0, 0, 0, 0]"
55,"[177, 254, 111, 74, 91, 190, 101, 25, 130, 60, 13, 13, 242, 242, 142, 205, 283, 161, 44, 44]","[184, 276, 117, 80, 96, 201, 106, 37, 141, 66, 24, 37, 253, 276, 156, 214, 291, 176, 59, 66]","['Fernseh', 'Informationsversorgung', 'Landes', 'Medien', 'Osten', 'Radiosender', 'Süden', 'Urteilsgrund', 'Wahlkampfes', 'Zugang', 'angeführter', 'angeführter Urteilsgrund', 'ausgewogene', 'ausgewogene Informationsversorgung', 'beispielsweise', 'empfangen', 'erfolgte', 'regierungstreue', 'ungleichmäßiger', 'ungleichmäßiger Zugang']","[0, 1, 0, 1, 0, 1, 0, 1, 1, 0, 1, 1, 1, 1, 0, 1, 0, 1, 1, 1]","['Ein', 'weiterer', 'angeführter', 'Urteilsgrund', 'war', '„', 'ungleichmäßiger', 'Zugang', 'zu', 'den', 'Medien', '“', ',', 'da', 'im', 'Osten', 'und', 'Süden', 'des', 'Landes', 'während', 'des', 'Wahlkampfes', 'beispielsweise', 'nur', 'regierungstreue', 'Fernseh-', 'und', 'Radiosender', 'zu', 'empfangen', 'waren', 'und', 'durch', 'diese', 'eine', 'ausgewogene', 'Informationsversorgung', 'nicht', 'erfolgte', '.']","[0, 0, 1, 1, 0, 0, 1, 0, 0, 0, 1, 0, 0, 0, 0, 0, 0, 0, 0, 0, 0, 0, 1, 1, 0, 0, 0, 0, 1, 0, 0, 0, 0, 0, 0, 0, 1, 1, 0, 1, 0]"
56,"[26, 13, 51, 98, 89, 110]","[44, 21, 60, 109, 93, 121]","['Führungsmannschaft', 'Mitglied', 'Prokurist', 'Strafbefehl', 'Zeit', 'abgeurteilt']","[1, 0, 1, 1, 0, 1]","['Ein', 'weiteres', 'Mitglied', 'der', 'Führungsmannschaft', ',', 'ein', 'Prokurist', ',', 'wurde', 'bereits', 'vor', 'einiger', 'Zeit', 'per', 'Strafbefehl', 'abgeurteilt', '.']","[0, 0, 0, 0, 1, 0, 0, 1, 0, 0, 0, 0, 0, 0, 0, 1, 1, 0]"
57,"[5, 24, 69, 48]","[19, 47, 73, 55]","['Eintrittskarte', 'Eröffnungsveranstaltung', 'Euro', 'kostete']","[1, 1, 1, 0]","['Eine', 'Eintrittskarte', 'zur', 'Eröffnungsveranstaltung', 'kostete', 'bis', 'zu', '2.000', 'Euro', '.']","[0, 1, 0, 1, 0, 0, 0, 0, 1, 0]"
58,"[83, 64, 73, 17, 28, 5, 43]","[87, 72, 82, 27, 34, 16, 63]","['Böhr', 'CDU-Chef', 'Christoph', 'Niederlage', 'erfuhr', 'persönliche', 'rheinland-pfälzische']","[0, 0, 0, 1, 0, 0, 1]","['Eine', 'persönliche', 'Niederlage', 'erfuhr', 'der', 'der', 'rheinland-pfälzische', 'CDU-Chef', 'Christoph', 'Böhr', '.']","[0, 0, 1, 0, 0, 0, 1, 0, 0, 0, 0]"
59,"[48, 12, 119, 88, 77, 67, 107, 59, 5]","[58, 27, 137, 102, 83, 72, 118, 64, 11]","['Abstimmung', 'Gesetzesvorlage', 'Gesundheitssystems', 'Privatisierung', 'Verbot', 'sieht', 'staatlichen', 'steht', 'zweite']","[0, 1, 1, 1, 0, 0, 0, 0, 0]","['Eine', 'zweite', 'Gesetzesvorlage', ',', 'die', 'ebenfalls', 'zur', 'Abstimmung', 'steht', ',', 'sieht', 'ein', 'Verbot', 'der', 'Privatisierung', 'des', 'staatlichen', 'Gesundheitssystems', 'vor', '.']","[0, 0, 1, 0, 0, 0, 0, 0, 0, 0, 0, 0, 0, 0, 1, 0, 0, 1, 0, 0]"
60,"[54, 45, 45, 20]","[56, 53, 56, 40]","['AG', 'Conradty', 'Conradty AG', 'Vorstandsvorsitzende']","[1, 0, 1, 1]","['Einer', 'davon', 'war', 'der', 'Vorstandsvorsitzende', 'der', 'Conradty', 'AG', '.']","[0, 0, 0, 0, 1, 0, 0, 1, 0]"
61,"[49, 65, 14, 89, 34]","[60, 88, 27, 100, 42]","['Missachtung', 'Sicherheitsvorschriften', 'Vergangenheit', 'aufgefallen', 'mehrfach']","[1, 1, 1, 1, 1]","['Er', 'war', 'in', 'der', 'Vergangenheit', 'schon', 'mehrfach', 'wegen', 'Missachtung', 'von', 'Sicherheitsvorschriften', 'aufgefallen', '.']","[0, 0, 0, 0, 1, 0, 1, 0, 1, 0, 1, 1, 0]"
62,"[71, 71, 71, 0, 47, 43, 107, 107, 19, 97, 112, 79, 37, 54]","[78, 86, 119, 8, 53, 66, 111, 119, 28, 102, 119, 86, 42, 66]","['Antonio', 'Antonio Salieri', 'Antonio Salieri unter der Regie von Luca Ronconi', 'Eröffnet', 'Europa', ""L ' Europa riconosciuta"", 'Luca', 'Luca Ronconi', 'Opernhaus', 'Regie', 'Ronconi', 'Salieri', 'Stück', 'riconosciuta']","[0, 1, 1, 0, 1, 1, 0, 1, 0, 0, 0, 0, 0, 1]","['Eröffnet', 'wurde', 'das', 'Opernhaus', 'mit', 'dem', 'Stück', 'L', ""'"", 'Europa', 'riconosciuta', 'von', 'Antonio', 'Salieri', 'unter', 'der', 'Regie', 'von', 'Luca', 'Ronconi', '.']","[1, 0, 0, 1, 0, 0, 0, 0, 0, 0, 0, 0, 0, 0, 0, 0, 0, 0, 1, 1, 0]"
63,"[108, 43, 22, 134, 66, 93, 105, 115, 3, 17, 60, 76, 123]","[114, 48, 34, 149, 75, 100, 114, 122, 13, 21, 65, 84, 133]","['Bahnen', 'Busse', 'Haltestellen', 'Liniennetzpläne', 'Schildern', 'Straßen', 'U- Bahnen', 'bekamen', 'entstanden', 'neue', 'neuen', 'versehen', 'veränderte']","[0, 0, 0, 1, 1, 0, 1, 0, 0, 0, 0, 0, 0]","['Es', 'entstanden', '18', 'neue', 'Haltestellen', ',', '1.400', 'Busse', 'wurden', 'mit', 'neuen', 'Schildern', 'versehen', ',', '1.300', 'Straßen', 'und', 'U-', 'Bahnen', 'bekamen', 'veränderte', 'Liniennetzpläne', '.']","[0, 0, 0, 0, 0, 0, 0, 0, 0, 0, 0, 1, 0, 0, 0, 0, 0, 0, 0, 0, 0, 1, 0]"
64,"[0, 16, 22]","[7, 21, 28]","['Februar', 'Kraft', 'treten']","[0, 0, 0]","['Februar', '2005', 'in', 'Kraft', 'treten', '.']","[0, 0, 0, 0, 0, 0]"
65,"[0, 20]","[7, 31]","['Februar', 'Jugendliche']","[0, 0]","['Februar', '2005', 'können', 'Jugendliche', 'ab', 'dem', '16.']","[0, 0, 0, 0, 0, 0, 0]"
66,"[76, 29, 104, 54, 4, 16, 90]","[89, 46, 121, 69, 15, 20, 94]","['Dieselmotoren', 'Hubraumbegrenzung', 'Hubraumbegrenzung', 'Kubikzentimeter', 'Ottomotoren', 'gibt', 'gibt']","[1, 1, 1, 1, 1, 0, 0]","['Für', 'Ottomotoren', 'gibt', 'es', 'eine', 'Hubraumbegrenzung', 'auf', '50', 'Kubikzentimeter', ',', 'für', 'Dieselmotoren', 'gibt', 'es', 'keine', 'Hubraumbegrenzung', '.']","[0, 1, 0, 0, 0, 1, 0, 0, 1, 0, 0, 1, 0, 0, 0, 1, 0]"
67,"[114, 53, 104, 178, 18, 139, 146, 38, 38, 32, 86, 233, 69, 12, 12, 246, 49, 76, 172, 238, 213, 207]","[119, 64, 110, 196, 31, 145, 158, 48, 64, 37, 92, 237, 73, 17, 37, 257, 52, 85, 177, 245, 222, 212]","['Alter', 'Exploration', 'Frauen', 'Gesundheitszustand', 'International', 'Jahren', 'Nichtraucher', 'Simulation', 'Simulation for Exploration', 'Space', 'Studie', 'Tage', 'WISE', 'Women', 'Women International Space', 'auszuhalten', 'for', 'genannten', 'guten', 'liegend', 'motiviert', 'stark']","[0, 1, 0, 1, 1, 0, 0, 1, 1, 0, 0, 0, 1, 0, 1, 1, 0, 0, 0, 0, 0, 0]","['Für', 'diese', '„', 'Women', 'International', 'Space', 'Simulation', 'for', 'Exploration', '“', '(', 'WISE', ')', 'genannten', 'Studie', 'müssen', 'die', 'Frauen', 'im', 'Alter', 'zwischen', '25', 'und', '40', 'Jahren', 'Nichtraucher', 'sein', ',', 'einen', 'guten', 'Gesundheitszustand', 'haben', 'und', 'stark', 'motiviert', 'sein', ',', '60', 'Tage', 'liegend', 'auszuhalten', '.']","[0, 0, 0, 0, 1, 0, 1, 1, 1, 0, 0, 1, 0, 0, 0, 0, 0, 0, 0, 0, 0, 0, 0, 0, 0, 0, 0, 0, 0, 0, 1, 0, 0, 0, 0, 0, 0, 0, 0, 0, 1, 0]"
68,"[26, 26, 61, 0, 33, 125, 98, 98, 48]","[32, 43, 85, 9, 43, 137, 124, 137, 56]","['Dritte', 'Dritte Verordnung', 'Fahrerlaubnis-Verordnung', 'Grundlage', 'Verordnung', 'Vorschriften', 'straßenverkehrsrechtlicher', 'straßenverkehrsrechtlicher Vorschriften', 'Änderung']","[0, 1, 1, 0, 1, 1, 1, 1, 1]","['Grundlage', 'dafür', 'ist', 'die', '„', 'Dritte', 'Verordnung', 'zur', 'Änderung', 'der', 'Fahrerlaubnis-Verordnung', 'und', 'anderer', 'straßenverkehrsrechtlicher', 'Vorschriften', '“', '.']","[0, 0, 0, 0, 0, 0, 1, 0, 1, 0, 1, 0, 0, 1, 1, 0, 0]"
69,"[59, 152, 3, 52, 52, 169, 136, 112, 31, 124, 99, 181, 70, 20]","[64, 161, 12, 58, 64, 180, 143, 119, 43, 135, 111, 189, 77, 30]","['Aires', 'Anpassung', 'Anschluss', 'Buenos', 'Buenos Aires', 'Klimawandel', 'Ländern', 'Mitteln', 'Tagesordnung', 'betroffenen', 'finanziellen', 'geholfen', 'geklärt', 'offizielle']","[0, 1, 0, 0, 1, 1, 0, 0, 1, 1, 0, 0, 0, 0]","['Im', 'Anschluss', 'an', 'die', 'offizielle', 'Tagesordnung', 'soll', 'in', 'Buenos', 'Aires', 'noch', 'geklärt', 'werden', ',', 'mit', 'welchen', 'finanziellen', 'Mitteln', 'den', 'betroffenen', 'Ländern', 'bei', 'der', 'Anpassung', 'an', 'den', 'Klimawandel', 'geholfen', 'werden', 'muss', '.']","[0, 0, 0, 0, 0, 1, 0, 0, 0, 0, 0, 0, 0, 0, 0, 0, 0, 0, 0, 1, 0, 0, 0, 1, 0, 0, 1, 0, 0, 0, 0]"
70,"[3, 57, 96, 33, 83, 45, 74, 74]","[8, 69, 113, 40, 91, 52, 82, 113]","['April', 'Nachfolgerin', 'Parteivorsitzende', 'Prozent', 'Schäuble', 'Stimmen', 'Wolfgang', 'Wolfgang Schäuble als Parteivorsitzende']","[0, 1, 1, 1, 0, 0, 0, 1]","['Im', 'April', '2000', 'wurde', 'sie', 'mit', '95,9', 'Prozent', 'der', 'Stimmen', 'die', 'Nachfolgerin', 'von', 'Wolfgang', 'Schäuble', 'als', 'Parteivorsitzende', '.']","[0, 0, 0, 0, 0, 0, 0, 1, 0, 0, 0, 1, 0, 0, 0, 0, 1, 0]"
71,"[26, 47, 47, 0, 68, 72, 42]","[37, 65, 71, 10, 69, 80, 46]","['EU-Regelung', 'Führerscheinklasse', 'Führerscheinklasse „ S “', 'Lebensjahr', 'S', 'erwerben', 'neue']","[1, 1, 1, 0, 1, 1, 0]","['Lebensjahr', 'aufgrund', 'einer', 'EU-Regelung', 'die', 'neue', 'Führerscheinklasse', '„', 'S', '“', 'erwerben', '.']","[0, 0, 0, 1, 0, 0, 1, 0, 1, 0, 1, 0]"
72,"[10, 0]","[17, 7]","['Italien', 'Mailand']","[1, 1]","['Mailand', '(', 'Italien', ')', ',', '07.']","[1, 0, 1, 0, 0, 0]"
73,"[135, 34, 122, 15, 63, 0, 79, 166, 55, 93, 47, 7, 108]","[150, 42, 130, 24, 71, 6, 92, 170, 59, 99, 54, 11, 121]","['CDU-Vorsitzende', 'Ergebnis', 'Ergebnis', 'Gegensatz', 'Hannover', 'Merkel', 'Prozentpunkte', 'Wahl', 'Wahl', 'erneut', 'letzten', 'sank', 'schlechtestes']","[1, 0, 0, 0, 1, 0, 1, 0, 0, 0, 0, 1, 0]","['Merkel', 'sank', 'im', 'Gegensatz', 'zu', 'ihrem', 'Ergebnis', 'der', 'letzten', 'Wahl', 'in', 'Hannover', 'um', '5,3', 'Prozentpunkte', 'erneut', 'auf', 'ihr', 'schlechtestes', 'Ergebnis', 'als', 'CDU-Vorsitzende', ',', 'sie', 'nahm', 'die', 'Wahl', 'aber', 'trotzdem', 'an', '.']","[0, 1, 0, 0, 0, 0, 0, 0, 0, 0, 0, 1, 0, 0, 1, 0, 0, 0, 0, 0, 0, 1, 0, 0, 0, 0, 0, 0, 0, 0, 0]"
74,"[28, 0, 20, 10]","[38, 9, 27, 15]","['Kleinwagen', 'Microcars', 'normale', 'sehen']","[0, 1, 0, 0]","['Microcars', 'sehen', 'wie', 'normale', 'Kleinwagen', 'aus', ',', 'sind', 'aber', 'entsprechend', 'kleiner', '.']","[1, 0, 0, 0, 0, 0, 0, 0, 0, 0, 0, 0]"
75,"[33, 0, 0, 7, 15]","[49, 6, 14, 14, 22]","['Interfax-Ukraine', 'Mikola', 'Mikola Seliwon', 'Seliwon', 'äußerte']","[1, 0, 1, 0, 0]","['Mikola', 'Seliwon', 'äußerte', 'gegenüber', 'Interfax-Ukraine', '.']","[0, 0, 0, 0, 1, 0]"
76,"[53, 42, 11, 72, 81, 96]","[63, 48, 29, 78, 93, 106]","['Fahrzeugen', 'Führen', 'Führerscheinklasse', 'Klasse', 'Leichtmobile', 'berechtigt']","[0, 0, 0, 0, 1, 1]","['Mit', 'dieser', 'Führerscheinklasse', 'ist', 'man', 'zum', 'Führen', 'von', 'Fahrzeugen', 'aus', 'der', 'Klasse', '„', 'Leichtmobile', '“', 'berechtigt', '.']","[0, 0, 0, 0, 0, 0, 0, 0, 0, 0, 0, 0, 0, 1, 0, 1, 0]"
77,"[20, 59, 35, 84, 13, 94, 71, 49]","[30, 70, 42, 87, 19, 101, 74, 58]","['Greenpeace', 'Klimaschutz', 'Meinung', 'USA', 'bleibt', 'möglich', 'sei', 'wirksamer']","[1, 1, 1, 1, 0, 0, 0, 1]","['Nach', 'wie', 'vor', 'bleibt', 'Greenpeace', 'der', 'Meinung', ',', 'ein', 'wirksamer', 'Klimaschutz', 'sei', 'ohne', 'die', 'USA', 'nicht', 'möglich', '.']","[0, 0, 0, 0, 1, 0, 1, 0, 0, 1, 1, 0, 0, 0, 1, 0, 0, 0]"
78,"[19, 11, 29]","[28, 14, 37]","['Protokoll', 'USA', 'ablehnen']","[1, 0, 0]","['Obwohl', 'die', 'USA', 'das', 'Protokoll', 'ablehnen', ',', 'kann', 'es', 'am', '16.']","[0, 0, 0, 0, 1, 0, 0, 0, 0, 0, 0]"
79,"[80, 22, 66, 30]","[88, 29, 79, 43]","['Ergebnis', 'Prozent', 'schlechtestes', 'wiedergewählt']","[0, 0, 0, 1]","['Obwohl', 'er', 'mit', '55', ',', '42', 'Prozent', 'wiedergewählt', 'wurde', ',', 'war', 'dies', 'sein', 'schlechtestes', 'Ergebnis', '.']","[0, 0, 0, 0, 0, 0, 0, 1, 0, 0, 0, 0, 0, 0, 0, 0]"
80,"[23, 9, 40]","[39, 15, 52]","['Fahrgastumfragen', 'Sommer', 'durchgeführt']","[1, 0, 0]","['Seit', 'dem', 'Sommer', 'wurden', 'Fahrgastumfragen', 'durchgeführt', '.']","[0, 0, 0, 0, 1, 0, 0]"
81,"[0, 20, 47, 3, 39, 31]","[2, 26, 56, 10, 46, 38]","['So', 'Urteil', 'angesehen', 'gesehen', 'harmlos', 'relativ']","[0, 0, 0, 0, 0, 1]","['So', 'gesehen', 'wird', 'das', 'Urteil', 'als', 'relativ', 'harmlos', 'angesehen', '.']","[0, 0, 0, 0, 0, 0, 1, 0, 0, 0]"
82,"[79, 0, 107, 64, 26]","[93, 13, 117, 78, 37]","['Machenschaften', 'Strafmildernd', 'bereichert', 'betrügerischen', 'zugerechnet']","[1, 1, 0, 1, 0]","['Strafmildernd', 'wurde', 'ihnen', 'zugerechnet', ',', 'dass', 'sie', 'sich', 'durch', 'die', 'betrügerischen', 'Machenschaften', 'nicht', 'selbst', 'bereichert', 'haben', '.']","[1, 0, 0, 0, 0, 0, 0, 0, 0, 0, 1, 1, 0, 0, 0, 0, 0]"
83,"[89, 76, 68, 26, 122, 60, 53, 53, 109, 16]","[99, 82, 75, 32, 134, 65, 59, 82, 121, 25]","['Angehörige', 'Armani', 'Giorgio', 'Gästen', 'Königshäuser', 'Loren', 'Sophia', 'Sophia Loren , Giorgio Armani', 'europäischer', 'geladenen']","[0, 0, 0, 0, 1, 0, 0, 1, 0, 0]","['Unter', 'den', '2.000', 'geladenen', 'Gästen', 'waren', 'unter', 'anderem', 'Sophia', 'Loren', ',', 'Giorgio', 'Armani', 'sowie', 'Angehörige', 'mehrerer', 'europäischer', 'Königshäuser', '.']","[0, 0, 0, 0, 0, 0, 0, 0, 0, 0, 0, 0, 0, 0, 0, 0, 0, 1, 0]"
84,"[18, 86, 55, 139, 0, 34, 95]","[25, 94, 64, 150, 17, 42, 105]","['Angaben', 'Besucher', 'Discothek', 'Jugendliche', 'Unterschiedlichen', 'befanden', 'konzipiert']","[1, 0, 0, 0, 1, 0, 1]","['Unterschiedlichen', 'Angaben', 'zufolge', 'befanden', 'sich', 'in', 'der', 'Discothek', ',', 'die', 'für', 'etwa', '1.300', 'Besucher', 'konzipiert', 'wurde', ',', 'zwischen', '3.000', 'und', '6.000', 'Jugendliche', '.']","[1, 1, 0, 0, 0, 0, 0, 0, 0, 0, 0, 0, 0, 0, 1, 0, 0, 0, 0, 0, 0, 0, 0]"
85,"[17, 49, 7, 131, 121, 148, 62, 104, 26, 75, 86]","[25, 58, 16, 139, 128, 156, 68, 116, 31, 85, 95]","['Magyaren', 'Millionen', 'Millionen', 'Rumänien', 'Serbien', 'Slowakei', 'Ungarn', 'Wesentlichen', 'leben', 'restlichen', 'verteilen']","[1, 0, 0, 1, 1, 1, 0, 1, 0, 1, 0]","['Von', '15', 'Millionen', 'Magyaren', 'leben', 'seitdem', 'nur', 'zehn', 'Millionen', 'in', 'Ungarn', ',', 'die', 'restlichen', 'verteilen', 'sich', 'im', 'Wesentlichen', 'auf', 'Serbien', ',', 'Rumänien', 'und', 'die', 'Slowakei', '.']","[0, 0, 0, 1, 0, 0, 0, 0, 0, 0, 0, 0, 0, 1, 0, 0, 0, 1, 0, 1, 0, 1, 0, 0, 1, 0]"
86,"[219, 135, 89, 157, 71, 211, 173, 279, 269, 33, 189, 231, 6, 150, 82, 82, 150, 244, 300, 122, 122, 56, 113, 261]","[226, 149, 101, 170, 81, 218, 179, 299, 274, 42, 196, 238, 24, 156, 88, 101, 170, 256, 310, 134, 149, 70, 121, 268]","['Gericht', 'Herausforderer', 'Janukowitsch', 'Juschtschenko', 'Kandidaten', 'Oberste', 'Partei', 'Präsidentschaftswahl', 'Runde', 'Stichwahl', 'Ukraine', 'Ukraine', 'Unregelmäßigkeiten', 'Viktor', 'Viktor', 'Viktor Janukowitsch', 'Viktor Juschtschenko', 'Wiederholung', 'angeordnet', 'orientierten', 'orientierten Herausforderer', 'pro-russischen', 'westlich', 'zweiten']","[0, 1, 0, 0, 0, 0, 0, 1, 0, 0, 0, 0, 1, 0, 0, 1, 1, 0, 0, 0, 1, 1, 0, 0]","['Wegen', 'Unregelmäßigkeiten', 'bei', 'der', 'Stichwahl', 'zwischen', 'dem', 'pro-russischen', 'Kandidaten', 'Viktor', 'Janukowitsch', 'und', 'seinem', 'westlich', 'orientierten', 'Herausforderer', 'Viktor', 'Juschtschenko', '(', 'Partei', '„', 'Unsere', 'Ukraine', '“', ')', 'hatte', 'das', 'Oberste', 'Gericht', 'der', 'Ukraine', 'eine', 'Wiederholung', 'der', 'zweiten', 'Runde', 'der', 'Präsidentschaftswahl', 'angeordnet', '.']","[0, 1, 0, 0, 0, 0, 0, 0, 0, 0, 0, 0, 0, 1, 0, 1, 0, 0, 0, 0, 0, 0, 0, 0, 0, 0, 0, 0, 0, 0, 0, 0, 1, 0, 1, 0, 0, 1, 0, 0]"
87,"[96, 96, 20, 72, 60, 60, 0, 80, 108, 104, 32]","[103, 115, 31, 79, 67, 79, 9, 87, 115, 107, 49]","['Grenzen', 'Grenzen neu gezogen', 'Kaiserreich', 'Trianon', 'Vertrag', 'Vertrag von Trianon', 'Weltkrieg', 'geteilt', 'gezogen', 'neu', 'Österreich-Ungarn']","[0, 1, 0, 1, 0, 1, 0, 0, 0, 0, 0]","['Weltkrieg', 'wurde', 'das', 'Kaiserreich', 'Österreich-Ungarn', 'durch', 'den', 'Vertrag', 'von', 'Trianon', 'geteilt', 'und', 'die', 'Grenzen', 'neu', 'gezogen', '.']","[1, 0, 0, 0, 0, 0, 0, 0, 0, 1, 0, 0, 0, 0, 0, 0, 0]"
88,"[107, 34, 45, 89, 123, 0, 138, 17, 78, 58, 51]","[118, 41, 50, 101, 137, 6, 146, 33, 88, 64, 57]","['Genehmigung', 'Gründen', 'Hause', 'Samstagabend', 'Wahlkommission', 'Wähler', 'erhalten', 'gesundheitlichen', 'spätestens', 'wollen', 'wählen']","[1, 0, 0, 0, 1, 0, 0, 1, 0, 0, 0]","['Wähler', ',', 'die', 'aus', 'gesundheitlichen', 'Gründen', 'zu', 'Hause', 'wählen', 'wollen', ',', 'müssen', 'bis', 'spätestens', 'Samstagabend', 'eine', 'Genehmigung', 'der', 'Wahlkommission', 'erhalten', '.']","[0, 0, 0, 0, 1, 0, 0, 0, 0, 0, 0, 0, 0, 0, 0, 0, 1, 0, 1, 0, 0]"
89,"[129, 48, 91, 17, 176, 58, 69, 199, 28, 136, 211, 119, 166, 76, 113]","[135, 54, 99, 23, 184, 65, 72, 210, 36, 143, 222, 128, 175, 86, 118]","['Betten', 'Frauen', 'Kopfende', 'Monate', 'Position', 'Stunden', 'Tag', 'Tätigkeiten', 'Versuchs', 'bleiben', 'durchführen', 'geneigten', 'liegenden', 'speziellen', 'unten']","[0, 0, 1, 0, 0, 0, 0, 1, 0, 0, 0, 1, 0, 1, 0]","['Während', 'der', 'zwei', 'Monate', 'des', 'Versuchs', 'sollen', 'die', 'Frauen', '24', 'Stunden', 'am', 'Tag', 'in', 'speziellen', 'zum', 'Kopfende', 'hin', '6', '°', 'nach', 'unten', 'geneigten', 'Betten', 'bleiben', 'und', 'müssen', 'von', 'dieser', 'liegenden', 'Position', 'aus', 'sämtliche', 'Tätigkeiten', 'durchführen', '.']","[0, 0, 0, 0, 0, 0, 0, 0, 0, 0, 0, 0, 0, 0, 1, 0, 1, 0, 0, 0, 0, 0, 1, 0, 0, 0, 0, 0, 0, 0, 0, 0, 0, 1, 0, 0]"
90,"[47, 19, 64, 28, 0, 59, 85, 71]","[50, 27, 70, 44, 8, 63, 96, 79]","['BVG', 'Berliner', 'Linien', 'Verkehrsbetriebe', 'Zugleich', 'alte', 'eingestellt', 'verkürzt']","[0, 0, 0, 1, 0, 0, 0, 0]","['Zugleich', 'haben', 'die', 'Berliner', 'Verkehrsbetriebe', '(', 'BVG', ')', 'viele', 'alte', 'Linien', 'verkürzt', 'oder', 'eingestellt', '.']","[0, 0, 0, 0, 1, 0, 0, 0, 0, 0, 0, 0, 0, 0, 0]"
91,"[103, 96, 96, 63, 35, 47, 47, 18, 4, 84, 57, 60, 109, 117]","[108, 102, 108, 72, 44, 56, 72, 26, 13, 91, 59, 62, 114, 126]","['Aires', 'Buenos', 'Buenos Aires', 'Cromagnon', 'Discothek', 'Republica', 'Republica de la Cromagnon', 'Unglücks', 'Zeitpunkt', 'Zentrum', 'de', 'la', 'liegt', 'überfüllt']","[0, 0, 1, 1, 1, 0, 1, 0, 0, 0, 0, 0, 0, 0]","['Zum', 'Zeitpunkt', 'des', 'Unglücks', 'war', 'die', 'Discothek', '„', 'Republica', 'de', 'la', 'Cromagnon', '“', ',', 'die', 'im', 'Zentrum', 'von', 'Buenos', 'Aires', 'liegt', ',', 'überfüllt', '.']","[0, 0, 0, 1, 0, 0, 1, 0, 0, 0, 0, 1, 0, 0, 0, 0, 0, 0, 0, 0, 0, 0, 0, 0]"
92,"[66, 32, 44, 0, 52, 73]","[72, 39, 51, 10, 65, 80]","['Arbeit', 'Manager', 'Stunden', 'Zusätzlich', 'gemeinnützige', 'leisten']","[0, 0, 0, 0, 1, 0]","['Zusätzlich', 'müssen', 'zwei', 'der', 'drei', 'Manager', '100', 'Stunden', 'gemeinnützige', 'Arbeit', 'leisten', '.']","[0, 0, 0, 0, 0, 0, 0, 0, 1, 0, 0, 0]"
93,"[19, 9, 9, 33, 51, 51, 60, 55, 0]","[23, 15, 23, 42, 54, 65, 65, 59, 4]","['Bush', 'George', 'George W. Bush', 'Interview', 'New', 'New York Times', 'Times', 'York', 'Zwar']","[0, 0, 1, 1, 0, 1, 0, 0, 0]","['Zwar', 'hat', 'George', 'W.', 'Bush', 'in', 'einem', 'Interview', 'mit', 'der', 'New', 'York', 'Times', 'am', '2.']","[0, 0, 0, 0, 0, 0, 0, 1, 0, 0, 0, 0, 1, 0, 0]"
94,"[16, 3, 30]","[29, 11, 42]","['Ratifizierung', 'Russland', 'durchgeführt']","[1, 1, 0]","['da', 'Russland', 'die', 'Ratifizierung', 'durchgeführt', 'hat', '.']","[0, 1, 0, 1, 0, 0, 0]"
95,"[48, 103, 39, 80, 15, 58, 86]","[57, 110, 47, 110, 20, 70, 102]","['Präsident', 'gewählt', 'gewählte', 'nicht verfassungsgemäß gewählt', 'sagen', 'unrechtmäßig', 'verfassungsgemäß']","[0, 0, 0, 1, 0, 1, 1]","['„', 'Niemand', 'wird', 'sagen', 'können', ',', 'dass', 'der', 'gewählte', 'Präsident', 'unrechtmäßig', 'ist', 'oder', 'nicht', 'verfassungsgemäß', 'gewählt', 'wurde', '.']","[0, 0, 0, 0, 0, 0, 0, 0, 0, 0, 1, 0, 0, 0, 1, 0, 0, 0]"
